order_id,order_date,amount,product_id
1001,2022-08-03,904.79,P004
1002,2022-04-20,913.68,P004
1003,2023-06-06,170.75,P004
1004,2022-05-15,720.7,P003
1005,2022-05-10,186.61,P004
1006,2023-12-06,194.58,P001
1007,2023-03-10,357.48,P001
1008,2023-12-19,402.08,P003
1009,2023-01-12,548.76,P004
1010,2022-10-31,722.51,P004
1011,2023-04-06,410.83,P001
1012,2023-07-10,176.08,P001
1013,2022-09-26,811.35,P004
1014,2023-05-23,906.63,P005
1015,2023-09-25,861.22,P003
1016,2023-02-24,777.4,P002
1017,2022-12-06,157.2,P005
1018,2023-05-02,590.69,P001
1019,2022-01-28,698.33,P001
1020,2022-01-02,162.96,P003
1021,2022-05-03,271.57,P004
1022,2022-10-29,487.52,P003
1023,2023-04-04,525.87,P004
1024,2023-01-14,927.16,P002
1025,2023-10-29,168.18,P004
1026,2023-10-08,555.18,P002
1027,2023-10-24,590.08,P005
1028,2022-03-25,516.24,P005
1029,2023-10-16,907.07,P003
1030,2022-04-04,981.44,P003
1031,2022-04-08,438.07,P005
1032,2022-04-01,872.72,P002
1033,2022-04-12,145.59,P004
1034,2022-02-09,672.4,P003
1035,2023-05-16,200.91,P002
1036,2023-11-04,433.6,P001
1037,2022-01-19,620.91,P003
1038,2022-06-28,801.84,P003
1039,2022-08-12,138.22,P001
1040,2022-01-30,589.34,P004
1041,2023-03-14,730.8,P002
1042,2022-03-25,390.49,P004
1043,2022-01-28,380.03,P005
1044,2022-06-21,162.11,P005
1045,2022-01-19,918.18,P003
1046,2023-07-25,367.53,P002
1047,2023-01-22,913.08,P004
1048,2023-06-19,218.85,P004
1049,2022-01-09,686.71,P001
1050,2022-06-05,355.44,P002
1051,2023-04-16,704.91,P002
1052,2022-11-02,248.56,P001
1053,2022-07-28,149.45,P003
1054,2023-12-28,889.13,P004
1055,2023-08-06,881.26,P003
1056,2022-08-10,203.29,P004
1057,2022-12-28,812.97,P002
1058,2022-10-18,971.28,P001
1059,2023-11-03,882.04,P005
1060,2022-09-06,630.46,P004
1061,2023-04-13,358.4,P003
1062,2022-11-19,112.16,P005
1063,2022-02-12,584.53,P002
1064,2023-03-22,739.31,P001
1065,2022-03-05,469.78,P002
1066,2023-07-14,944.62,P004
1067,2022-11-13,125.97,P005
1068,2023-02-20,602.66,P001
1069,2023-10-29,159.69,P003
1070,2022-06-11,698.79,P001
1071,2023-03-30,621.19,P005
1072,2023-03-05,617.94,P004
1073,2023-02-24,319.99,P005
1074,2022-07-15,587.08,P001
1075,2023-07-12,112.42,P003
1076,2023-01-21,356.78,P004
1077,2023-05-25,261.72,P003
1078,2022-11-28,196.1,P004
1079,2022-01-15,135.12,P001
1080,2022-02-19,118.33,P004
1081,2023-01-16,964.69,P002
1082,2022-09-12,220.15,P001
1083,2022-06-28,891.66,P002
1084,2022-07-13,457.72,P002
1085,2023-04-15,578.47,P004
1086,2023-01-10,656.47,P003
1087,2023-12-06,902.73,P003
1088,2023-03-19,903.96,P001
1089,2023-02-27,985.25,P004
1090,2023-06-12,948.43,P004
1091,2023-08-18,907.93,P002
1092,2023-07-08,301.33,P004
1093,2022-01-11,303.25,P003
1094,2022-04-12,314.58,P001
1095,2023-03-12,295.37,P005
1096,2023-10-15,664.1,P004
1097,2022-07-08,434.63,P002
1098,2023-12-04,139.68,P001
1099,2023-11-09,855.2,P003
1100,2023-07-14,283.64,P005
1101,2022-06-15,843.13,P004
1102,2022-12-27,657.71,P003
1103,2023-12-22,147.85,P003
1104,2023-09-16,467.11,P001
1105,2023-10-26,354.07,P005
1106,2022-10-17,223.41,P001
1107,2022-01-21,240.11,P002
1108,2022-01-08,730.31,P001
1109,2023-01-06,533.62,P003
1110,2023-05-23,809.75,P005
1111,2022-11-29,506.01,P002
1112,2022-07-24,228.55,P004
1113,2023-10-31,957.43,P003
1114,2023-09-19,324.11,P004
1115,2022-03-05,737.47,P003
1116,2022-09-19,807.83,P002
1117,2023-03-13,954.65,P001
1118,2022-12-13,638.72,P004
1119,2022-05-15,815.34,P002
1120,2022-11-10,561.31,P003
1121,2022-01-01,301.48,P005
1122,2023-10-23,660.91,P001
1123,2022-07-31,491.16,P002
1124,2023-10-07,659.65,P005
1125,2022-05-10,566.66,P001
1126,2022-06-21,223.47,P003
1127,2023-12-22,859.32,P004
1128,2023-05-11,766.52,P001
1129,2023-04-18,963.81,P005
1130,2022-03-31,366.93,P001
1131,2022-12-22,873.72,P003
1132,2023-10-10,581.42,P002
1133,2022-05-18,473.25,P003
1134,2022-03-23,639.26,P001
1135,2023-04-14,572.82,P001
1136,2023-12-07,243.53,P003
1137,2022-07-06,435.52,P005
1138,2023-01-17,147.39,P001
1139,2023-11-21,500.86,P002
1140,2023-02-22,945.41,P005
1141,2023-06-25,824.06,P003
1142,2023-10-30,442.31,P003
1143,2023-03-30,907.93,P002
1144,2023-06-03,226.8,P001
1145,2023-06-20,624.73,P001
1146,2022-03-26,688.76,P004
1147,2023-09-19,655.8,P005
1148,2022-01-22,717.08,P004
1149,2023-06-05,507.07,P003
1150,2023-02-15,997.91,P003
1151,2022-03-05,283.27,P001
1152,2022-02-10,425.28,P003
1153,2022-03-10,488.53,P001
1154,2023-06-30,327.28,P003
1155,2022-07-27,916.85,P001
1156,2023-03-20,474.92,P002
1157,2023-02-22,438.82,P003
1158,2023-08-19,392.4,P004
1159,2023-05-07,269.65,P002
1160,2023-02-09,671.01,P003
1161,2024-01-01,507.48,P001
1162,2023-10-17,727.99,P004
1163,2023-12-07,941.04,P002
1164,2022-05-15,424.47,P001
1165,2022-03-14,145.18,P001
1166,2023-03-14,498.71,P003
1167,2023-07-15,646.03,P004
1168,2022-06-26,450.53,P003
1169,2023-03-11,586.6,P003
1170,2022-04-21,319.99,P003
1171,2023-03-19,845.67,P003
1172,2022-11-04,862.45,P004
1173,2023-09-30,371.99,P003
1174,2022-09-19,860.21,P003
1175,2023-12-31,202.93,P004
1176,2022-11-21,632.66,P002
1177,2022-01-20,471.22,P001
1178,2023-09-30,706.04,P001
1179,2022-06-16,819.74,P001
1180,2023-05-05,858.23,P001
1181,2023-01-06,746.17,P002
1182,2023-10-02,884.25,P001
1183,2023-11-23,627.24,P002
1184,2022-01-08,139.56,P003
1185,2023-11-15,411.16,P005
1186,2022-04-08,853.91,P002
1187,2023-04-21,759.17,P005
1188,2022-01-31,305.7,P004
1189,2022-01-02,949.31,P002
1190,2022-01-13,768.7,P005
1191,2022-04-29,208.56,P002
1192,2022-12-23,141.03,P004
1193,2022-05-10,877.15,P005
1194,2022-03-22,151.84,P002
1195,2022-05-19,943.92,P003
1196,2022-11-08,663.39,P003
1197,2022-03-31,536.74,P004
1198,2023-07-23,752.32,P001
1199,2023-01-16,793.85,P004
1200,2023-10-13,783.45,P003
1201,2023-01-30,936.52,P003
1202,2022-03-09,806.92,P003
1203,2022-03-23,833.58,P004
1204,2022-01-22,901.91,P002
1205,2022-09-03,534.11,P003
1206,2023-04-13,839.98,P003
1207,2022-01-21,654.51,P004
1208,2022-02-26,111.6,P005
1209,2023-10-12,691.48,P004
1210,2022-12-28,249.27,P002
1211,2022-10-30,134.14,P005
1212,2022-07-08,755.83,P002
1213,2022-03-02,651.84,P003
1214,2022-07-21,881.6,P004
1215,2023-11-26,973.63,P003
1216,2023-08-20,433.38,P004
1217,2022-02-13,890.54,P002
1218,2022-09-21,745.63,P002
1219,2023-07-30,519.06,P003
1220,2023-12-13,591.03,P001
1221,2022-05-12,956.62,P002
1222,2022-11-04,285.27,P003
1223,2022-03-08,720.52,P002
1224,2023-04-20,533.15,P005
1225,2023-07-20,514.85,P002
1226,2022-10-14,661.73,P005
1227,2022-07-02,147.39,P001
1228,2022-06-11,996.38,P004
1229,2023-04-20,860.39,P002
1230,2023-09-01,456.49,P004
1231,2023-10-13,615.96,P002
1232,2022-10-05,556.8,P004
1233,2022-03-27,269.09,P001
1234,2023-07-05,365.75,P002
1235,2022-12-23,167.7,P005
1236,2023-01-24,772.93,P005
1237,2022-11-03,474.29,P003
1238,2023-03-11,440.41,P002
1239,2022-08-05,610.37,P005
1240,2023-05-30,118.71,P002
1241,2022-11-09,817.35,P002
1242,2022-11-20,487.87,P003
1243,2022-03-25,245.52,P004
1244,2022-07-21,435.38,P002
1245,2023-08-29,168.65,P003
1246,2022-02-10,655.51,P005
1247,2023-04-13,227.07,P002
1248,2023-02-16,489.89,P003
1249,2023-01-31,234.07,P003
1250,2022-04-03,634.6,P005
1251,2023-08-05,182.93,P004
1252,2023-02-04,160.47,P001
1253,2023-03-30,740.4,P004
1254,2022-03-24,704.31,P002
1255,2022-04-15,757.71,P002
1256,2023-11-29,823.67,P001
1257,2023-02-15,598.48,P005
1258,2023-05-04,185.96,P003
1259,2022-06-04,353.65,P001
1260,2023-06-10,165.61,P001
1261,2022-09-30,692.17,P003
1262,2022-05-07,873.58,P003
1263,2022-09-05,234.84,P004
1264,2023-08-19,635.02,P004
1265,2023-01-18,112.81,P001
1266,2023-04-28,964.77,P005
1267,2023-12-10,733.19,P001
1268,2022-12-21,323.08,P001
1269,2022-08-05,562.53,P001
1270,2023-12-07,652.7,P003
1271,2022-03-27,220.4,P005
1272,2023-07-26,180.39,P001
1273,2022-08-30,644.69,P004
1274,2022-08-03,368.32,P005
1275,2023-06-08,455.01,P001
1276,2023-01-10,465.79,P005
1277,2023-06-11,494.4,P002
1278,2023-09-19,233.06,P005
1279,2023-12-24,988.19,P004
1280,2022-11-04,400.02,P001
1281,2023-03-29,746.08,P002
1282,2023-10-22,694.67,P004
1283,2022-04-21,768.19,P003
1284,2022-08-05,155.9,P001
1285,2022-09-20,478.94,P004
1286,2023-02-13,473.51,P004
1287,2022-02-11,200.73,P003
1288,2023-04-30,685.41,P001
1289,2023-05-26,305.53,P005
1290,2023-04-07,696.89,P003
1291,2022-05-06,121.66,P005
1292,2022-12-12,137.72,P002
1293,2023-09-08,357.87,P005
1294,2022-03-07,573.96,P001
1295,2022-04-19,793.76,P003
1296,2022-07-22,809.57,P004
1297,2022-11-29,263.84,P001
1298,2023-06-22,251.29,P003
1299,2023-07-18,338.35,P002
1300,2022-09-21,453.57,P002
1301,2022-08-15,945.31,P003
1302,2023-08-16,253.84,P003
1303,2023-08-22,184.33,P004
1304,2023-10-21,856.57,P003
1305,2023-01-08,997.23,P004
1306,2022-04-18,960.23,P004
1307,2022-04-26,713.93,P001
1308,2022-10-04,672.79,P005
1309,2023-03-02,835.47,P005
1310,2023-06-17,586.03,P001
1311,2023-11-24,522.44,P002
1312,2023-05-31,671.75,P002
1313,2023-08-24,784.33,P005
1314,2022-06-08,866.92,P005
1315,2023-10-27,969.29,P005
1316,2022-07-17,723.77,P004
1317,2022-04-19,363.99,P005
1318,2022-04-17,729.76,P003
1319,2023-06-10,613.94,P001
1320,2022-02-15,914.65,P002
1321,2023-10-21,744.59,P003
1322,2023-05-29,884.74,P005
1323,2023-10-19,851.89,P003
1324,2022-06-27,698.33,P002
1325,2023-11-09,453.44,P002
1326,2022-11-23,674.59,P004
1327,2022-08-28,469.07,P004
1328,2022-11-13,842.54,P001
1329,2023-03-21,277.16,P002
1330,2023-01-20,121.48,P003
1331,2023-11-25,981.37,P002
1332,2022-09-16,105.79,P003
1333,2023-12-13,536.46,P003
1334,2023-07-19,826.41,P001
1335,2023-12-26,266.93,P004
1336,2023-11-16,262.07,P001
1337,2022-06-15,945.81,P005
1338,2022-01-10,319.9,P002
1339,2023-04-23,776.59,P001
1340,2023-12-29,447.84,P005
1341,2022-03-05,977.29,P001
1342,2023-05-22,514.14,P002
1343,2023-07-02,933.56,P005
1344,2022-11-28,100.93,P001
1345,2022-04-10,311.62,P003
1346,2022-04-18,364.08,P003
1347,2023-12-19,888.45,P003
1348,2023-06-08,373.03,P004
1349,2023-10-04,252.41,P004
1350,2022-01-27,586.62,P002
1351,2022-08-17,542.9,P003
1352,2023-03-05,616.72,P004
1353,2022-12-05,675.1,P005
1354,2022-10-26,465.12,P003
1355,2023-05-11,187.46,P002
1356,2023-04-08,438.32,P001
1357,2023-08-19,521.29,P002
1358,2022-05-30,586.03,P005
1359,2023-02-23,660.78,P002
1360,2023-07-24,837.1,P002
1361,2022-09-10,971.14,P001
1362,2023-08-22,314.0,P004
1363,2023-12-01,200.6,P002
1364,2022-11-16,952.74,P002
1365,2022-01-21,888.18,P004
1366,2022-09-30,872.35,P001
1367,2022-05-20,419.81,P002
1368,2023-12-07,722.82,P001
1369,2023-04-10,663.06,P003
1370,2023-05-05,850.76,P003
1371,2023-04-11,469.05,P003
1372,2023-12-31,278.56,P002
1373,2023-03-18,152.03,P005
1374,2023-06-10,276.24,P001
1375,2022-02-22,565.72,P001
1376,2023-01-15,753.18,P004
1377,2023-07-12,538.18,P001
1378,2022-07-17,491.7,P002
1379,2022-09-26,580.72,P005
1380,2022-07-05,498.29,P005
1381,2023-12-27,404.67,P003
1382,2023-07-20,730.06,P005
1383,2022-05-13,133.58,P005
1384,2023-11-10,134.2,P005
1385,2022-09-24,986.12,P001
1386,2022-03-05,642.42,P001
1387,2023-10-02,772.2,P003
1388,2023-05-06,201.63,P001
1389,2022-05-17,710.07,P001
1390,2023-12-29,768.89,P005
1391,2022-06-14,866.8,P005
1392,2023-12-23,146.92,P004
1393,2022-08-31,992.22,P003
1394,2023-05-29,632.35,P003
1395,2023-06-17,331.27,P002
1396,2022-10-17,126.83,P002
1397,2023-07-26,177.47,P005
1398,2023-03-11,932.6,P003
1399,2023-01-07,634.75,P003
1400,2022-08-07,126.75,P003
1401,2023-02-15,403.49,P002
1402,2022-11-02,719.88,P005
1403,2023-02-14,359.15,P002
1404,2024-01-01,586.44,P002
1405,2022-05-11,983.3,P003
1406,2023-09-04,288.7,P005
1407,2022-09-07,968.12,P004
1408,2023-12-27,122.14,P002
1409,2022-01-01,762.47,P005
1410,2023-03-09,819.62,P004
1411,2023-10-09,868.57,P002
1412,2022-07-02,868.43,P003
1413,2022-12-12,459.51,P002
1414,2022-01-25,298.34,P004
1415,2022-05-13,149.93,P004
1416,2023-12-04,558.4,P004
1417,2023-08-02,900.38,P001
1418,2023-08-20,116.83,P001
1419,2023-06-22,850.5,P002
1420,2023-09-05,665.51,P003
1421,2023-05-01,971.68,P003
1422,2023-05-10,317.13,P004
1423,2023-09-02,684.59,P004
1424,2022-12-18,770.95,P002
1425,2022-09-19,607.42,P004
1426,2023-05-16,568.55,P002
1427,2022-07-27,279.15,P005
1428,2023-08-19,119.87,P005
1429,2023-12-22,975.94,P003
1430,2022-05-17,520.73,P002
1431,2023-01-28,813.03,P004
1432,2022-07-07,754.24,P005
1433,2022-06-20,624.07,P005
1434,2022-05-19,248.27,P005
1435,2023-09-21,847.39,P002
1436,2023-11-23,144.04,P004
1437,2023-09-28,210.9,P003
1438,2023-05-26,542.61,P004
1439,2022-11-23,666.32,P004
1440,2022-11-22,544.67,P004
1441,2023-06-14,385.14,P005
1442,2023-03-08,626.29,P003
1443,2023-02-28,892.85,P003
1444,2023-10-14,899.07,P003
1445,2022-05-20,566.97,P003
1446,2022-06-19,164.99,P005
1447,2022-07-24,305.5,P001
1448,2023-09-07,534.96,P001
1449,2023-11-22,476.28,P001
1450,2022-09-22,724.63,P001
1451,2023-05-25,190.8,P005
1452,2022-12-03,525.67,P004
1453,2023-04-07,301.64,P005
1454,2022-12-04,458.95,P002
1455,2023-03-12,860.15,P001
1456,2022-08-16,950.43,P001
1457,2023-07-13,588.74,P003
1458,2022-05-23,314.96,P002
1459,2022-10-07,944.7,P005
1460,2022-10-31,583.09,P001
1461,2022-09-13,481.97,P003
1462,2023-08-24,311.17,P002
1463,2022-02-04,711.78,P005
1464,2023-09-16,505.72,P004
1465,2022-01-22,282.7,P003
1466,2023-07-14,871.98,P004
1467,2023-04-28,348.61,P005
1468,2023-01-20,733.63,P002
1469,2023-01-03,118.09,P003
1470,2022-05-18,998.09,P004
1471,2023-07-17,897.64,P002
1472,2023-06-23,994.22,P002
1473,2023-07-20,590.24,P004
1474,2023-08-05,388.64,P003
1475,2023-09-03,827.61,P002
1476,2022-12-06,370.0,P004
1477,2023-11-26,570.21,P001
1478,2022-03-24,880.04,P005
1479,2022-02-10,655.55,P004
1480,2023-07-13,775.37,P001
1481,2022-11-23,570.14,P003
1482,2022-08-14,159.81,P003
1483,2022-12-26,169.9,P001
1484,2023-10-23,191.79,P001
1485,2022-03-16,744.01,P003
1486,2023-10-12,997.65,P001
1487,2022-07-08,962.99,P003
1488,2022-04-15,615.45,P003
1489,2022-05-22,980.56,P002
1490,2022-05-12,195.57,P005
1491,2023-08-11,149.64,P003
1492,2022-07-07,343.67,P004
1493,2022-05-29,816.49,P002
1494,2022-10-30,383.24,P001
1495,2023-12-20,539.52,P005
1496,2023-09-10,575.64,P003
1497,2023-11-19,703.31,P001
1498,2022-05-24,785.0,P003
1499,2023-11-04,667.01,P004
1500,2023-01-09,345.1,P004
1501,2023-05-20,722.76,P001
1502,2023-12-07,654.4,P005
1503,2022-03-08,265.76,P005
1504,2022-12-23,892.98,P005
1505,2023-10-18,154.18,P004
1506,2022-03-05,266.71,P003
1507,2023-11-04,629.46,P001
1508,2022-04-08,256.91,P004
1509,2023-10-02,212.36,P004
1510,2022-03-30,149.52,P004
1511,2022-12-03,442.39,P005
1512,2022-09-06,546.37,P005
1513,2023-11-03,948.01,P005
1514,2022-12-23,893.66,P001
1515,2022-11-07,725.5,P004
1516,2023-09-12,302.95,P002
1517,2023-04-21,502.59,P001
1518,2023-11-20,780.74,P003
1519,2022-03-28,988.21,P005
1520,2022-08-20,745.34,P003
1521,2022-03-01,568.34,P002
1522,2022-12-10,233.46,P001
1523,2023-08-01,498.53,P003
1524,2023-11-29,469.53,P005
1525,2023-03-17,208.38,P004
1526,2022-10-25,273.88,P002
1527,2022-06-16,404.47,P001
1528,2023-01-02,288.43,P005
1529,2023-10-21,564.19,P005
1530,2022-10-17,165.71,P001
1531,2022-01-12,900.35,P002
1532,2022-07-26,509.81,P002
1533,2023-04-10,946.08,P001
1534,2022-07-25,484.69,P004
1535,2023-06-08,647.03,P004
1536,2022-08-22,144.77,P005
1537,2022-07-31,336.34,P002
1538,2023-06-20,968.78,P002
1539,2023-12-05,699.51,P004
1540,2023-07-27,286.55,P005
1541,2022-06-17,116.4,P003
1542,2023-08-30,287.67,P003
1543,2022-05-16,363.79,P001
1544,2022-07-23,354.14,P003
1545,2022-01-05,833.53,P002
1546,2022-10-08,370.1,P004
1547,2022-02-13,639.29,P001
1548,2024-01-01,480.6,P003
1549,2022-11-24,219.32,P002
1550,2023-01-03,658.04,P004
1551,2023-10-07,313.61,P001
1552,2023-02-27,571.67,P004
1553,2023-01-31,459.31,P005
1554,2022-06-30,753.95,P003
1555,2023-01-28,890.89,P004
1556,2023-03-26,850.24,P001
1557,2022-06-27,877.17,P002
1558,2022-09-28,638.07,P003
1559,2022-08-17,459.94,P004
1560,2023-11-28,810.21,P002
1561,2023-11-12,434.72,P005
1562,2022-06-11,303.48,P004
1563,2022-04-16,791.28,P003
1564,2022-07-15,638.86,P003
1565,2023-03-01,861.58,P004
1566,2022-06-21,887.65,P001
1567,2023-08-04,296.61,P004
1568,2023-05-26,413.12,P004
1569,2023-01-27,248.84,P001
1570,2022-07-10,673.1,P003
1571,2023-01-31,736.66,P001
1572,2022-08-26,772.87,P003
1573,2022-10-04,427.55,P005
1574,2022-08-31,540.99,P003
1575,2023-12-29,779.48,P001
1576,2023-09-15,479.55,P004
1577,2022-04-10,930.52,P001
1578,2023-05-23,489.84,P004
1579,2022-02-03,729.51,P005
1580,2022-10-24,474.1,P002
1581,2022-01-10,937.54,P001
1582,2023-11-23,800.58,P003
1583,2022-11-03,910.87,P003
1584,2023-10-16,352.0,P005
1585,2023-06-13,828.95,P004
1586,2022-08-15,312.77,P005
1587,2022-07-21,153.57,P001
1588,2022-09-10,270.19,P001
1589,2022-08-10,430.98,P002
1590,2022-09-26,105.71,P001
1591,2022-09-07,633.82,P004
1592,2022-08-31,317.69,P005
1593,2023-07-03,504.76,P001
1594,2023-10-08,970.1,P004
1595,2022-11-03,121.94,P005
1596,2022-02-25,644.99,P002
1597,2022-09-03,733.28,P001
1598,2023-08-18,418.37,P001
1599,2022-10-14,624.35,P001
1600,2022-09-02,430.68,P003
1601,2023-11-25,167.08,P004
1602,2023-06-13,397.76,P003
1603,2023-05-15,942.65,P002
1604,2022-03-09,302.96,P002
1605,2022-09-01,150.67,P001
1606,2023-05-04,183.51,P005
1607,2023-07-03,858.27,P004
1608,2023-07-30,374.99,P003
1609,2022-07-27,353.82,P003
1610,2023-12-16,930.47,P004
1611,2023-09-01,905.58,P004
1612,2023-05-04,340.01,P001
1613,2023-07-29,361.16,P001
1614,2022-11-14,628.17,P001
1615,2022-04-14,233.99,P001
1616,2022-02-25,390.55,P002
1617,2022-09-14,487.58,P005
1618,2023-11-22,901.01,P005
1619,2023-02-28,480.38,P005
1620,2023-04-05,408.71,P005
1621,2022-03-24,935.13,P002
1622,2023-10-26,282.22,P002
1623,2023-10-22,864.47,P001
1624,2022-12-02,187.16,P001
1625,2022-09-18,568.26,P002
1626,2023-03-06,528.22,P005
1627,2023-09-02,977.11,P004
1628,2022-12-19,547.74,P002
1629,2022-07-14,195.68,P004
1630,2023-09-20,246.54,P004
1631,2023-11-23,678.0,P005
1632,2022-04-02,523.15,P002
1633,2023-02-03,144.5,P001
1634,2023-10-26,883.76,P005
1635,2023-02-07,397.48,P001
1636,2022-04-20,324.84,P003
1637,2022-03-28,643.17,P002
1638,2022-11-13,941.15,P005
1639,2023-05-16,335.91,P003
1640,2023-11-07,707.34,P002
1641,2022-02-01,628.65,P001
1642,2022-09-08,177.14,P002
1643,2022-07-06,708.96,P004
1644,2023-11-22,426.9,P004
1645,2022-02-19,400.69,P003
1646,2022-02-24,893.68,P002
1647,2023-01-16,247.81,P001
1648,2022-06-08,609.75,P005
1649,2022-04-10,396.89,P002
1650,2022-03-22,544.38,P005
1651,2022-02-13,294.75,P005
1652,2023-04-13,485.54,P001
1653,2023-10-30,950.81,P005
1654,2022-12-04,175.47,P003
1655,2023-04-09,391.0,P001
1656,2023-09-24,119.93,P002
1657,2022-12-17,827.56,P004
1658,2023-08-20,840.69,P004
1659,2023-01-18,818.3,P004
1660,2022-02-24,953.18,P004
1661,2022-08-24,497.37,P002
1662,2023-11-22,851.09,P001
1663,2023-03-09,845.89,P004
1664,2023-02-10,585.83,P002
1665,2022-10-01,304.61,P002
1666,2022-05-30,115.16,P005
1667,2022-05-24,343.64,P004
1668,2023-12-27,168.36,P001
1669,2022-12-26,388.67,P001
1670,2022-06-01,510.02,P004
1671,2022-10-25,582.41,P005
1672,2022-06-23,895.69,P004
1673,2022-05-29,802.72,P001
1674,2023-07-24,716.86,P002
1675,2023-02-09,507.29,P003
1676,2022-03-28,197.88,P001
1677,2022-06-24,383.48,P002
1678,2022-11-12,142.92,P002
1679,2022-06-13,344.53,P001
1680,2022-08-09,678.91,P002
1681,2023-12-17,419.04,P001
1682,2023-03-30,420.06,P004
1683,2023-08-09,866.43,P001
1684,2023-09-14,747.1,P005
1685,2023-05-11,947.28,P002
1686,2023-06-03,791.01,P004
1687,2022-07-30,287.46,P003
1688,2022-01-10,835.49,P002
1689,2023-03-04,311.61,P003
1690,2023-10-23,248.51,P002
1691,2023-11-11,290.03,P004
1692,2022-12-29,129.97,P003
1693,2022-07-14,646.21,P001
1694,2023-07-31,991.81,P003
1695,2023-09-27,354.4,P005
1696,2023-12-21,582.62,P002
1697,2023-02-06,855.72,P001
1698,2023-05-31,751.61,P001
1699,2023-10-17,856.48,P005
1700,2023-12-20,658.34,P005
1701,2022-09-06,713.1,P004
1702,2022-01-02,102.54,P002
1703,2022-09-27,198.69,P003
1704,2023-08-10,401.48,P002
1705,2023-12-16,690.53,P003
1706,2023-06-10,471.63,P001
1707,2023-01-14,467.35,P005
1708,2022-01-27,201.87,P005
1709,2022-09-06,305.95,P004
1710,2022-11-14,203.02,P001
1711,2023-03-01,548.11,P005
1712,2022-12-23,547.24,P002
1713,2022-10-02,966.56,P002
1714,2022-09-18,565.61,P001
1715,2023-10-13,659.96,P002
1716,2023-01-29,167.71,P004
1717,2022-01-28,320.34,P004
1718,2022-04-01,464.08,P005
1719,2022-09-05,666.25,P003
1720,2022-12-14,371.53,P002
1721,2022-06-23,545.53,P004
1722,2023-12-23,709.61,P002
1723,2022-01-18,213.68,P002
1724,2022-09-09,977.13,P001
1725,2023-10-02,888.61,P005
1726,2022-03-28,948.02,P002
1727,2023-12-10,427.17,P001
1728,2022-01-21,951.48,P002
1729,2022-01-15,799.1,P003
1730,2022-11-12,836.99,P005
1731,2022-10-19,571.06,P001
1732,2022-06-04,727.25,P003
1733,2023-11-24,691.56,P001
1734,2023-07-09,824.37,P002
1735,2022-02-18,161.04,P002
1736,2023-05-02,188.45,P002
1737,2022-03-08,354.27,P005
1738,2023-10-14,831.75,P004
1739,2022-12-20,353.11,P002
1740,2022-07-09,246.54,P001
1741,2023-01-21,404.62,P002
1742,2023-01-10,220.3,P002
1743,2023-06-14,589.62,P002
1744,2022-08-12,853.17,P002
1745,2023-09-09,782.79,P002
1746,2023-06-18,114.81,P003
1747,2023-11-18,663.77,P002
1748,2023-06-28,437.79,P005
1749,2023-10-22,762.83,P002
1750,2023-12-24,183.39,P001
1751,2022-10-04,910.62,P005
1752,2022-06-24,769.69,P005
1753,2023-04-06,250.85,P004
1754,2023-05-20,885.64,P001
1755,2023-11-22,717.23,P002
1756,2022-06-16,961.89,P001
1757,2022-06-17,700.08,P004
1758,2022-08-07,213.51,P004
1759,2023-02-06,648.3,P003
1760,2023-04-27,598.63,P001
1761,2023-01-02,733.73,P001
1762,2023-04-13,504.75,P001
1763,2022-11-22,581.76,P003
1764,2023-12-29,356.67,P005
1765,2022-11-27,380.98,P003
1766,2023-12-19,943.23,P001
1767,2022-09-05,667.76,P005
1768,2022-04-17,882.01,P001
1769,2023-04-16,392.2,P001
1770,2023-10-05,909.8,P004
1771,2023-03-25,967.29,P005
1772,2023-03-09,424.76,P004
1773,2022-12-26,974.77,P005
1774,2022-10-25,948.22,P003
1775,2022-06-03,195.14,P003
1776,2022-01-23,139.7,P002
1777,2023-11-06,386.0,P001
1778,2022-07-12,228.45,P001
1779,2022-03-10,622.61,P001
1780,2023-10-29,845.18,P005
1781,2023-09-06,410.82,P005
1782,2023-11-07,361.15,P001
1783,2023-12-13,346.75,P003
1784,2022-04-09,462.66,P002
1785,2022-07-30,483.71,P002
1786,2022-08-29,963.65,P001
1787,2022-11-26,736.27,P004
1788,2022-11-14,405.35,P005
1789,2023-07-07,555.45,P001
1790,2023-10-08,304.67,P001
1791,2023-01-14,234.54,P001
1792,2022-02-20,133.83,P004
1793,2022-02-22,381.04,P002
1794,2022-03-25,327.59,P004
1795,2023-05-31,775.65,P002
1796,2022-04-13,886.77,P002
1797,2023-07-08,740.15,P001
1798,2023-04-25,299.79,P002
1799,2022-04-30,607.94,P005
1800,2022-10-27,135.32,P004
1801,2023-09-25,536.73,P002
1802,2022-04-14,691.96,P003
1803,2022-10-07,617.69,P003
1804,2023-06-05,101.49,P002
1805,2023-09-04,739.17,P004
1806,2023-06-28,368.12,P005
1807,2022-07-11,992.84,P001
1808,2022-12-23,831.52,P001
1809,2023-05-19,704.7,P001
1810,2022-06-22,376.91,P004
1811,2022-11-07,330.89,P003
1812,2022-07-22,705.85,P002
1813,2023-02-11,106.05,P003
1814,2022-03-19,943.49,P002
1815,2023-03-21,588.26,P003
1816,2023-09-09,924.32,P003
1817,2022-03-06,154.8,P002
1818,2023-04-16,903.58,P005
1819,2022-06-24,382.68,P003
1820,2022-08-13,648.25,P005
1821,2023-07-08,406.38,P003
1822,2022-07-01,722.27,P002
1823,2022-05-21,231.8,P005
1824,2023-04-23,183.09,P001
1825,2022-07-30,806.18,P002
1826,2023-07-06,662.14,P001
1827,2023-03-07,229.81,P002
1828,2023-06-29,619.88,P004
1829,2022-01-31,374.15,P002
1830,2022-01-17,329.23,P004
1831,2023-01-26,154.25,P001
1832,2023-01-07,656.97,P004
1833,2023-06-01,477.34,P005
1834,2023-05-22,177.16,P003
1835,2023-09-16,628.56,P004
1836,2022-08-12,915.27,P005
1837,2022-11-23,456.91,P003
1838,2023-06-12,872.89,P002
1839,2023-07-19,466.69,P002
1840,2023-04-05,783.43,P002
1841,2023-02-28,969.72,P002
1842,2023-03-14,825.02,P001
1843,2022-04-08,243.44,P002
1844,2022-05-18,435.42,P002
1845,2023-11-06,173.56,P005
1846,2023-08-02,575.48,P003
1847,2022-10-11,143.67,P003
1848,2022-07-02,208.01,P004
1849,2023-10-28,134.66,P002
1850,2022-06-02,378.32,P004
1851,2023-05-21,998.07,P001
1852,2022-03-27,982.39,P005
1853,2022-12-18,497.44,P004
1854,2022-11-05,311.33,P005
1855,2022-10-03,688.2,P003
1856,2022-03-07,476.49,P005
1857,2023-06-08,689.95,P001
1858,2022-11-26,344.82,P004
1859,2023-11-04,596.14,P002
1860,2022-03-27,121.97,P002
1861,2022-05-26,575.42,P003
1862,2022-03-11,866.0,P005
1863,2023-05-18,249.73,P005
1864,2022-11-08,462.11,P004
1865,2022-04-02,168.09,P002
1866,2023-06-11,956.31,P003
1867,2023-06-12,720.38,P001
1868,2022-01-16,774.63,P004
1869,2023-02-26,666.49,P003
1870,2022-06-07,470.72,P002
1871,2023-05-09,882.21,P004
1872,2022-07-02,738.66,P002
1873,2023-09-01,584.12,P005
1874,2022-05-26,877.83,P004
1875,2023-03-07,590.59,P004
1876,2022-03-07,495.36,P003
1877,2022-10-28,530.54,P004
1878,2022-05-22,174.4,P001
1879,2022-10-18,952.27,P002
1880,2022-11-12,472.14,P004
1881,2022-10-23,690.98,P002
1882,2022-04-16,232.36,P002
1883,2022-01-26,711.07,P002
1884,2023-07-31,881.98,P001
1885,2022-10-08,780.96,P003
1886,2022-07-30,506.68,P001
1887,2022-11-02,284.21,P003
1888,2022-10-23,313.25,P002
1889,2022-03-03,267.34,P003
1890,2023-10-29,505.4,P001
1891,2023-07-14,205.1,P003
1892,2023-04-07,577.54,P002
1893,2022-10-19,699.72,P001
1894,2022-01-21,275.62,P004
1895,2023-02-08,470.28,P003
1896,2022-10-20,611.85,P004
1897,2023-11-16,687.77,P002
1898,2023-09-26,138.4,P003
1899,2023-03-16,234.24,P004
1900,2022-05-11,290.54,P005
1901,2023-12-02,361.0,P003
1902,2022-06-21,612.57,P001
1903,2022-04-01,689.86,P003
1904,2023-08-08,637.14,P004
1905,2023-05-03,395.86,P001
1906,2023-06-04,187.97,P001
1907,2023-10-06,742.49,P004
1908,2022-10-14,455.93,P005
1909,2023-05-12,175.92,P001
1910,2022-11-22,467.42,P002
1911,2023-01-30,518.66,P003
1912,2022-10-30,385.88,P001
1913,2023-10-16,528.72,P002
1914,2023-10-04,771.51,P004
1915,2022-01-06,648.14,P001
1916,2023-08-20,529.7,P002
1917,2023-02-26,654.12,P005
1918,2022-11-04,548.1,P001
1919,2022-11-15,583.23,P003
1920,2022-02-15,596.11,P002
1921,2023-06-29,673.41,P004
1922,2023-09-25,148.07,P005
1923,2023-11-25,360.25,P002
1924,2022-03-07,942.86,P003
1925,2023-07-27,328.05,P004
1926,2022-10-08,162.48,P005
1927,2023-07-07,704.21,P001
1928,2023-01-30,686.54,P001
1929,2022-03-08,981.02,P003
1930,2023-07-20,251.13,P002
1931,2023-08-23,645.31,P002
1932,2022-01-29,978.1,P003
1933,2023-04-11,487.03,P001
1934,2022-11-12,529.27,P003
1935,2023-03-11,758.83,P001
1936,2023-09-10,259.0,P004
1937,2023-01-01,619.67,P003
1938,2022-02-21,414.37,P003
1939,2022-01-11,623.98,P001
1940,2023-12-28,970.92,P003
1941,2022-08-08,657.02,P001
1942,2022-10-10,956.84,P003
1943,2023-08-27,971.26,P003
1944,2022-03-01,876.63,P003
1945,2023-04-08,468.45,P003
1946,2023-07-10,580.41,P004
1947,2023-04-13,340.79,P005
1948,2022-09-04,755.4,P001
1949,2023-06-21,759.21,P001
1950,2022-08-05,361.69,P003
1951,2022-05-29,527.71,P001
1952,2023-01-21,887.93,P004
1953,2022-01-01,834.92,P005
1954,2022-02-20,291.38,P005
1955,2023-11-19,322.56,P002
1956,2022-10-21,315.01,P001
1957,2023-04-17,292.23,P001
1958,2022-12-30,581.03,P003
1959,2023-01-09,182.4,P002
1960,2022-10-10,859.06,P002
1961,2023-09-11,561.08,P002
1962,2022-09-09,569.55,P003
1963,2023-10-02,921.78,P004
1964,2022-02-01,265.15,P005
1965,2022-06-15,977.92,P003
1966,2023-03-20,240.2,P002
1967,2022-08-28,654.38,P005
1968,2023-09-26,746.47,P001
1969,2022-01-06,356.49,P001
1970,2023-11-10,580.06,P003
1971,2022-12-13,125.15,P003
1972,2023-01-06,645.02,P004
1973,2023-03-30,303.85,P003
1974,2022-03-22,777.9,P003
1975,2022-01-30,157.5,P005
1976,2023-11-04,536.82,P005
1977,2023-05-10,591.98,P003
1978,2023-02-14,290.59,P003
1979,2023-12-07,756.56,P005
1980,2023-10-21,628.8,P003
1981,2022-06-14,466.01,P002
1982,2022-01-07,547.66,P002
1983,2023-12-24,283.14,P002
1984,2023-07-14,337.13,P001
1985,2022-10-02,332.04,P004
1986,2023-08-27,137.65,P004
1987,2022-06-17,871.3,P004
1988,2023-04-04,798.05,P001
1989,2023-10-07,289.7,P004
1990,2023-11-24,797.75,P005
1991,2023-03-02,423.89,P002
1992,2022-08-12,617.88,P002
1993,2023-12-15,771.91,P004
1994,2022-04-16,809.82,P002
1995,2022-11-15,740.23,P001
1996,2022-03-15,251.44,P001
1997,2023-12-17,750.84,P003
1998,2022-01-20,668.58,P002
1999,2023-10-14,340.18,P005
2000,2023-10-04,793.36,P005
2001,2022-10-05,993.46,P002
2002,2022-07-23,151.22,P005
2003,2023-02-02,825.71,P001
2004,2022-03-17,656.99,P003
2005,2023-06-17,353.51,P004
2006,2022-03-21,938.29,P005
2007,2022-04-09,549.89,P003
2008,2023-08-09,268.65,P002
2009,2023-06-20,105.35,P002
2010,2023-11-13,369.76,P005
2011,2023-05-30,587.65,P004
2012,2022-02-06,793.95,P004
2013,2023-07-09,468.44,P001
2014,2023-01-24,934.98,P002
2015,2022-08-06,907.13,P003
2016,2022-07-21,351.21,P002
2017,2022-05-28,917.46,P005
2018,2022-12-28,224.41,P005
2019,2023-10-17,963.49,P001
2020,2023-07-06,906.44,P002
2021,2022-01-18,600.1,P001
2022,2022-02-28,351.52,P002
2023,2022-02-27,914.07,P004
2024,2022-12-26,669.27,P001
2025,2023-11-18,774.89,P001
2026,2023-05-05,626.14,P002
2027,2023-03-31,811.98,P004
2028,2023-03-09,524.28,P001
2029,2022-10-31,204.79,P004
2030,2022-06-15,773.7,P001
2031,2022-05-28,955.09,P002
2032,2023-06-13,589.56,P003
2033,2022-10-20,637.82,P002
2034,2023-12-29,395.88,P002
2035,2023-08-14,276.12,P005
2036,2022-05-25,444.75,P002
2037,2023-01-30,894.33,P004
2038,2023-12-09,135.98,P005
2039,2023-12-24,374.9,P003
2040,2023-01-11,160.49,P004
2041,2022-12-03,664.21,P002
2042,2022-01-25,646.02,P003
2043,2022-10-05,992.75,P004
2044,2023-09-16,642.94,P002
2045,2022-09-08,405.24,P002
2046,2022-12-05,600.49,P004
2047,2023-05-28,613.76,P001
2048,2023-12-02,929.61,P002
2049,2022-11-26,146.43,P004
2050,2022-09-27,969.92,P005
2051,2022-03-01,210.4,P001
2052,2023-06-04,755.66,P001
2053,2023-06-27,178.79,P001
2054,2023-11-07,376.41,P002
2055,2022-01-12,545.51,P004
2056,2023-06-09,835.48,P001
2057,2022-07-03,962.35,P001
2058,2023-06-30,143.57,P001
2059,2022-08-14,180.51,P002
2060,2023-01-04,379.92,P002
2061,2023-01-16,775.52,P004
2062,2023-07-05,236.58,P001
2063,2022-09-05,475.13,P003
2064,2023-07-27,152.5,P004
2065,2022-09-02,819.83,P002
2066,2023-06-23,789.88,P005
2067,2022-03-20,181.21,P002
2068,2023-02-14,782.24,P003
2069,2022-01-19,517.41,P005
2070,2023-04-06,447.63,P002
2071,2023-08-19,616.28,P002
2072,2022-09-21,495.11,P002
2073,2023-04-01,613.37,P003
2074,2023-11-30,681.66,P005
2075,2022-11-17,593.09,P002
2076,2022-11-28,351.8,P005
2077,2023-07-15,110.11,P004
2078,2023-05-20,513.14,P002
2079,2022-02-14,615.18,P003
2080,2023-06-24,775.2,P005
2081,2023-06-02,245.55,P004
2082,2022-09-02,230.34,P002
2083,2022-12-23,744.81,P001
2084,2022-03-18,874.86,P005
2085,2022-05-12,258.79,P004
2086,2023-09-23,844.06,P001
2087,2023-11-24,365.01,P002
2088,2023-05-02,519.47,P003
2089,2022-06-26,453.1,P001
2090,2022-12-13,968.42,P002
2091,2023-11-26,134.28,P003
2092,2023-08-14,342.84,P003
2093,2022-02-09,740.12,P001
2094,2022-11-20,526.08,P004
2095,2023-11-01,143.14,P001
2096,2023-05-02,762.97,P004
2097,2023-07-15,435.88,P004
2098,2023-09-21,191.84,P003
2099,2023-06-28,723.96,P004
2100,2023-08-14,581.9,P001
2101,2022-02-07,557.22,P003
2102,2022-12-28,280.29,P001
2103,2022-02-26,179.31,P005
2104,2023-01-25,724.88,P002
2105,2023-01-28,790.52,P001
2106,2023-07-31,675.95,P002
2107,2022-11-25,738.33,P002
2108,2022-07-23,975.62,P003
2109,2023-04-30,224.81,P001
2110,2022-10-28,724.45,P005
2111,2022-05-28,801.05,P001
2112,2022-04-01,314.62,P005
2113,2022-05-01,385.38,P003
2114,2023-02-16,272.73,P003
2115,2023-02-08,780.26,P002
2116,2023-05-09,118.01,P003
2117,2022-07-05,371.24,P001
2118,2023-12-23,109.59,P002
2119,2023-08-01,677.36,P002
2120,2022-12-14,424.79,P004
2121,2023-03-19,249.24,P004
2122,2023-08-14,123.55,P005
2123,2023-12-28,827.72,P003
2124,2023-03-16,783.23,P001
2125,2023-08-11,108.4,P004
2126,2022-07-28,587.15,P002
2127,2022-05-31,235.96,P004
2128,2023-05-29,194.39,P004
2129,2023-12-17,679.28,P002
2130,2023-09-06,159.45,P002
2131,2023-11-09,824.08,P004
2132,2023-03-30,879.7,P004
2133,2023-04-04,956.5,P002
2134,2022-11-12,621.55,P001
2135,2022-05-11,688.37,P001
2136,2023-07-03,541.63,P003
2137,2023-07-20,567.62,P003
2138,2022-12-03,328.71,P002
2139,2022-04-12,476.26,P004
2140,2022-04-14,461.65,P004
2141,2022-01-29,255.19,P005
2142,2022-01-21,841.37,P005
2143,2022-03-29,418.15,P004
2144,2023-01-26,710.86,P005
2145,2022-12-02,351.26,P001
2146,2023-05-30,223.26,P001
2147,2022-01-16,870.18,P001
2148,2022-11-08,717.72,P004
2149,2022-03-23,328.68,P003
2150,2022-09-03,501.34,P004
2151,2022-01-07,710.09,P004
2152,2022-02-02,414.24,P005
2153,2022-10-21,516.14,P002
2154,2022-04-11,666.42,P002
2155,2022-08-07,482.88,P005
2156,2022-10-26,698.27,P005
2157,2022-03-19,777.91,P001
2158,2023-10-24,205.89,P001
2159,2023-08-10,741.98,P003
2160,2023-09-05,500.07,P001
2161,2022-12-19,152.77,P004
2162,2022-05-31,977.01,P005
2163,2023-04-21,888.81,P003
2164,2022-07-13,900.37,P004
2165,2022-09-20,703.43,P002
2166,2023-02-24,624.83,P002
2167,2022-04-14,762.53,P005
2168,2022-05-15,178.41,P003
2169,2022-09-26,301.0,P005
2170,2022-10-11,540.56,P004
2171,2022-11-21,532.05,P001
2172,2023-03-06,935.98,P001
2173,2022-05-09,597.18,P003
2174,2022-12-22,200.34,P003
2175,2022-07-02,544.69,P005
2176,2022-07-16,397.0,P003
2177,2022-09-09,319.97,P002
2178,2023-09-10,385.03,P003
2179,2023-10-02,168.59,P004
2180,2022-10-25,886.84,P002
2181,2022-07-16,685.47,P001
2182,2023-07-17,472.31,P003
2183,2023-04-21,933.52,P004
2184,2022-10-30,832.0,P001
2185,2023-01-22,448.38,P004
2186,2022-07-24,891.28,P003
2187,2023-06-10,662.13,P002
2188,2023-02-14,365.77,P003
2189,2023-10-04,861.96,P003
2190,2023-10-12,831.84,P002
2191,2023-05-28,941.7,P001
2192,2023-04-11,174.12,P005
2193,2022-09-03,575.96,P003
2194,2022-03-18,106.92,P002
2195,2023-10-13,465.57,P002
2196,2022-05-30,401.67,P003
2197,2023-11-29,798.64,P002
2198,2023-06-08,366.28,P002
2199,2022-08-10,451.46,P002
2200,2023-08-05,476.98,P005
2201,2022-10-02,997.74,P005
2202,2022-09-17,799.45,P001
2203,2023-10-10,769.76,P003
2204,2022-03-02,816.88,P003
2205,2022-08-15,794.5,P004
2206,2022-08-22,567.04,P002
2207,2023-11-12,791.2,P002
2208,2022-02-14,460.18,P002
2209,2023-11-20,613.13,P003
2210,2022-07-10,169.09,P003
2211,2022-01-10,777.58,P004
2212,2023-10-16,141.71,P003
2213,2022-01-29,906.1,P004
2214,2023-07-11,271.67,P002
2215,2023-12-30,666.49,P001
2216,2023-01-27,811.63,P002
2217,2022-06-27,807.49,P001
2218,2022-07-01,550.83,P002
2219,2023-07-07,614.78,P005
2220,2023-11-02,223.05,P002
2221,2023-07-07,511.64,P004
2222,2023-03-10,444.18,P001
2223,2023-07-21,607.26,P003
2224,2023-09-06,459.8,P002
2225,2022-07-16,123.5,P001
2226,2022-12-28,337.05,P004
2227,2022-11-03,949.04,P002
2228,2023-09-14,108.49,P001
2229,2023-11-06,621.18,P001
2230,2022-02-03,669.99,P005
2231,2022-07-25,197.12,P005
2232,2022-05-22,471.76,P005
2233,2023-10-01,666.2,P002
2234,2023-08-02,586.32,P003
2235,2022-08-31,254.12,P003
2236,2022-08-21,765.26,P001
2237,2022-08-12,958.48,P005
2238,2023-09-22,474.83,P001
2239,2022-10-21,358.71,P003
2240,2022-01-07,244.63,P001
2241,2023-11-16,963.44,P002
2242,2023-08-08,189.05,P003
2243,2023-07-21,207.3,P003
2244,2022-06-13,118.57,P004
2245,2023-04-30,975.8,P003
2246,2023-04-07,499.34,P002
2247,2023-06-28,374.76,P004
2248,2023-09-15,193.88,P003
2249,2023-09-06,323.07,P005
2250,2022-11-26,422.7,P005
2251,2023-05-13,880.83,P001
2252,2023-03-16,807.26,P002
2253,2022-07-04,574.15,P003
2254,2022-11-12,739.02,P005
2255,2022-05-21,220.16,P001
2256,2022-04-03,532.81,P005
2257,2022-01-10,356.28,P005
2258,2023-08-30,102.76,P003
2259,2022-06-11,437.57,P002
2260,2022-04-14,523.58,P004
2261,2023-09-04,871.22,P002
2262,2023-12-27,537.03,P001
2263,2023-08-29,293.16,P005
2264,2023-06-09,577.26,P003
2265,2023-12-04,646.96,P002
2266,2023-08-10,473.2,P002
2267,2023-08-23,474.88,P004
2268,2022-07-23,527.52,P004
2269,2023-06-05,816.26,P004
2270,2022-11-14,882.63,P002
2271,2023-07-15,518.1,P001
2272,2023-05-11,281.9,P003
2273,2022-05-30,220.76,P001
2274,2023-02-08,868.57,P005
2275,2023-02-01,978.75,P003
2276,2022-11-01,764.06,P002
2277,2022-02-17,950.57,P001
2278,2022-12-08,767.94,P005
2279,2023-08-07,232.37,P001
2280,2023-08-03,696.68,P002
2281,2022-06-29,936.63,P005
2282,2022-08-02,519.08,P005
2283,2022-11-09,366.64,P001
2284,2023-04-28,421.83,P001
2285,2022-04-08,953.52,P004
2286,2022-08-28,592.56,P001
2287,2022-10-28,869.33,P005
2288,2022-07-26,714.44,P005
2289,2022-06-16,258.43,P002
2290,2022-05-18,161.2,P004
2291,2022-01-30,385.06,P005
2292,2022-06-15,150.19,P002
2293,2022-11-30,920.78,P001
2294,2023-06-14,214.89,P003
2295,2022-06-23,555.73,P002
2296,2023-06-30,201.67,P002
2297,2022-01-16,604.96,P004
2298,2023-11-07,942.39,P003
2299,2022-09-14,422.39,P004
2300,2022-11-01,190.74,P005
2301,2023-04-19,112.85,P002
2302,2022-10-14,532.83,P003
2303,2022-12-19,616.59,P001
2304,2023-10-13,815.37,P001
2305,2023-09-23,477.42,P002
2306,2023-04-09,727.17,P003
2307,2023-08-27,101.93,P003
2308,2023-09-09,518.5,P005
2309,2023-03-09,497.32,P003
2310,2022-01-18,739.14,P004
2311,2023-01-22,235.17,P002
2312,2022-11-23,931.32,P001
2313,2023-09-01,766.7,P005
2314,2023-08-17,384.12,P004
2315,2023-04-28,156.06,P002
2316,2022-03-26,338.71,P002
2317,2022-10-04,305.15,P001
2318,2022-12-20,603.25,P003
2319,2022-10-06,958.03,P003
2320,2022-04-18,630.32,P005
2321,2022-03-25,948.12,P004
2322,2023-11-19,943.74,P003
2323,2023-08-26,935.56,P002
2324,2022-08-25,423.85,P002
2325,2022-03-09,979.39,P005
2326,2022-04-03,825.21,P003
2327,2022-11-01,455.09,P002
2328,2022-09-03,399.32,P001
2329,2022-03-11,536.65,P002
2330,2022-04-25,359.74,P005
2331,2023-03-29,692.66,P002
2332,2023-11-28,594.51,P002
2333,2022-09-14,625.78,P001
2334,2022-11-23,161.35,P003
2335,2023-11-11,663.99,P004
2336,2022-07-26,738.23,P004
2337,2023-03-30,879.43,P001
2338,2023-08-12,764.84,P005
2339,2022-11-24,481.16,P002
2340,2022-03-09,164.24,P004
2341,2022-05-13,279.03,P004
2342,2022-10-01,447.89,P003
2343,2022-10-17,502.5,P003
2344,2023-11-07,584.76,P001
2345,2022-10-01,517.56,P005
2346,2023-03-04,659.31,P004
2347,2023-08-21,468.86,P001
2348,2023-06-11,642.8,P005
2349,2022-04-12,297.06,P001
2350,2022-05-18,299.02,P004
2351,2023-12-20,319.48,P004
2352,2022-07-09,909.33,P001
2353,2023-01-13,327.86,P005
2354,2022-12-27,791.23,P003
2355,2022-12-14,876.88,P005
2356,2022-03-05,552.66,P004
2357,2022-10-06,471.65,P005
2358,2023-01-08,268.89,P003
2359,2023-09-11,351.87,P001
2360,2023-11-27,907.46,P002
2361,2022-11-13,220.37,P004
2362,2022-12-14,396.92,P005
2363,2023-11-29,614.12,P001
2364,2022-05-02,899.39,P004
2365,2022-02-16,762.12,P004
2366,2022-06-13,280.54,P003
2367,2022-08-06,831.76,P003
2368,2022-12-16,185.24,P005
2369,2022-04-02,892.16,P002
2370,2023-07-11,859.48,P002
2371,2023-06-13,814.2,P005
2372,2023-11-08,321.65,P002
2373,2022-08-18,139.76,P005
2374,2023-12-13,115.42,P005
2375,2023-01-04,862.71,P001
2376,2022-04-24,997.45,P003
2377,2022-02-24,210.53,P002
2378,2023-02-14,463.32,P003
2379,2022-01-03,543.12,P001
2380,2022-03-29,237.41,P004
2381,2022-02-20,713.48,P005
2382,2023-10-16,745.8,P002
2383,2023-06-17,376.35,P002
2384,2023-12-13,287.59,P002
2385,2022-08-05,256.05,P001
2386,2023-10-13,924.15,P005
2387,2022-12-19,646.29,P004
2388,2023-08-11,489.4,P001
2389,2022-12-16,864.0,P001
2390,2022-07-18,752.52,P001
2391,2022-03-14,222.94,P003
2392,2022-05-04,422.7,P001
2393,2023-04-23,185.73,P005
2394,2022-06-03,200.69,P001
2395,2023-05-18,598.36,P004
2396,2023-09-25,472.71,P003
2397,2024-01-01,755.88,P004
2398,2022-08-23,202.14,P005
2399,2023-11-07,849.37,P004
2400,2023-11-13,143.82,P003
2401,2023-01-20,689.46,P002
2402,2023-06-06,838.27,P003
2403,2022-04-15,637.16,P001
2404,2022-06-15,665.14,P002
2405,2023-02-05,573.82,P005
2406,2022-06-19,383.32,P005
2407,2023-01-17,236.95,P004
2408,2022-10-10,409.53,P001
2409,2022-01-30,243.41,P002
2410,2022-07-09,298.96,P005
2411,2023-11-02,401.55,P002
2412,2023-05-28,300.15,P005
2413,2022-06-12,131.15,P001
2414,2022-07-23,113.56,P002
2415,2022-05-17,915.51,P002
2416,2022-07-13,474.41,P004
2417,2023-09-10,133.89,P002
2418,2023-01-18,102.08,P004
2419,2022-03-17,143.2,P003
2420,2023-05-07,738.58,P002
2421,2023-02-26,578.98,P002
2422,2022-05-16,676.77,P002
2423,2023-10-14,977.91,P005
2424,2023-08-18,922.19,P005
2425,2023-05-15,495.43,P001
2426,2022-09-20,935.4,P005
2427,2023-05-26,248.62,P003
2428,2023-05-21,718.75,P005
2429,2023-01-12,428.14,P002
2430,2022-10-23,342.91,P001
2431,2022-05-23,472.55,P003
2432,2023-06-12,824.19,P005
2433,2022-07-06,653.82,P005
2434,2022-11-02,945.87,P003
2435,2023-06-09,118.93,P004
2436,2023-02-09,879.46,P002
2437,2023-08-20,225.56,P002
2438,2022-04-14,617.22,P003
2439,2023-10-06,120.42,P005
2440,2022-06-10,154.26,P003
2441,2022-08-17,379.52,P001
2442,2023-10-12,313.94,P005
2443,2023-11-27,354.52,P003
2444,2022-08-10,747.28,P002
2445,2022-02-08,295.09,P002
2446,2023-01-16,228.94,P003
2447,2022-08-14,228.51,P002
2448,2022-12-30,472.31,P005
2449,2023-06-15,281.36,P004
2450,2022-10-17,438.02,P002
2451,2023-02-17,103.75,P001
2452,2022-11-29,353.84,P004
2453,2023-09-25,588.75,P005
2454,2023-03-14,976.43,P002
2455,2023-02-23,536.96,P002
2456,2022-07-31,172.97,P002
2457,2022-12-23,480.76,P001
2458,2022-03-11,953.9,P002
2459,2022-04-15,852.34,P003
2460,2023-08-08,495.1,P003
2461,2023-08-21,903.17,P002
2462,2023-04-27,995.44,P005
2463,2022-08-07,612.91,P002
2464,2023-10-15,680.88,P002
2465,2022-10-12,475.75,P004
2466,2022-08-31,446.18,P005
2467,2022-06-24,918.39,P005
2468,2022-12-13,173.33,P005
2469,2023-04-13,630.9,P003
2470,2022-07-14,536.49,P001
2471,2023-10-25,705.57,P004
2472,2022-07-07,906.93,P002
2473,2023-08-24,376.32,P001
2474,2023-10-29,724.19,P003
2475,2022-09-16,524.33,P004
2476,2022-12-31,808.55,P005
2477,2022-03-10,682.42,P003
2478,2022-07-24,906.71,P002
2479,2023-12-05,984.06,P001
2480,2023-03-02,464.15,P002
2481,2022-09-24,308.19,P003
2482,2022-11-27,124.33,P005
2483,2023-05-02,361.98,P004
2484,2023-12-10,278.71,P004
2485,2022-08-11,451.54,P003
2486,2022-09-28,194.08,P003
2487,2022-06-19,969.2,P004
2488,2023-03-07,718.66,P005
2489,2023-06-26,362.84,P002
2490,2023-11-17,877.81,P001
2491,2022-10-01,274.67,P003
2492,2023-10-03,151.66,P001
2493,2022-02-21,569.35,P001
2494,2022-07-01,797.98,P005
2495,2023-09-24,980.65,P001
2496,2023-04-29,240.1,P005
2497,2022-07-11,100.44,P002
2498,2023-08-01,766.78,P004
2499,2022-02-06,337.79,P005
2500,2022-11-11,841.48,P005
2501,2023-09-28,149.94,P004
2502,2022-03-03,643.71,P003
2503,2023-11-16,210.16,P001
2504,2023-11-24,826.33,P005
2505,2023-08-19,520.51,P004
2506,2024-01-01,368.43,P005
2507,2023-08-11,114.69,P003
2508,2023-07-31,291.73,P005
2509,2022-10-12,411.88,P002
2510,2023-06-10,266.08,P003
2511,2023-05-22,513.22,P002
2512,2023-04-19,703.94,P001
2513,2023-08-18,585.21,P004
2514,2022-07-18,156.37,P002
2515,2023-10-05,345.56,P001
2516,2022-08-26,354.02,P005
2517,2022-04-28,904.37,P005
2518,2023-06-14,692.44,P002
2519,2023-05-06,944.77,P004
2520,2022-02-02,905.39,P001
2521,2022-10-08,105.93,P003
2522,2022-06-02,407.01,P002
2523,2023-06-11,456.76,P001
2524,2022-09-14,489.68,P003
2525,2022-12-25,663.61,P004
2526,2022-09-15,973.59,P001
2527,2022-07-25,974.66,P003
2528,2023-02-01,410.32,P002
2529,2022-03-29,952.17,P004
2530,2022-06-21,625.86,P004
2531,2023-04-14,837.41,P002
2532,2023-08-31,946.41,P005
2533,2022-12-16,302.61,P002
2534,2023-07-24,391.58,P003
2535,2022-03-05,251.0,P002
2536,2022-08-13,237.12,P004
2537,2023-11-28,391.71,P001
2538,2022-02-18,861.13,P001
2539,2022-03-18,883.33,P001
2540,2022-11-24,551.3,P001
2541,2022-06-06,225.81,P001
2542,2022-07-03,876.1,P003
2543,2023-04-25,477.77,P004
2544,2022-08-14,641.27,P002
2545,2023-09-03,405.84,P002
2546,2023-10-15,362.56,P005
2547,2023-09-13,274.18,P001
2548,2023-10-27,461.36,P003
2549,2022-03-25,345.88,P005
2550,2022-01-12,162.62,P003
2551,2023-09-21,371.04,P003
2552,2022-10-08,928.64,P002
2553,2023-03-25,610.86,P005
2554,2022-03-16,985.24,P003
2555,2023-07-05,936.89,P001
2556,2023-08-03,576.15,P002
2557,2023-04-24,799.59,P004
2558,2023-08-05,830.8,P001
2559,2023-04-14,364.85,P002
2560,2022-08-03,361.77,P003
2561,2023-03-22,720.85,P004
2562,2022-10-07,588.19,P002
2563,2022-08-11,879.53,P002
2564,2023-03-11,221.75,P002
2565,2022-08-08,822.01,P003
2566,2022-05-24,798.81,P005
2567,2022-08-12,453.61,P005
2568,2022-05-05,352.54,P004
2569,2023-11-08,411.77,P005
2570,2022-08-12,835.57,P001
2571,2023-08-15,941.2,P003
2572,2022-12-14,756.7,P005
2573,2023-08-27,702.8,P002
2574,2022-02-03,277.0,P005
2575,2022-02-27,718.66,P002
2576,2022-11-03,753.14,P005
2577,2022-12-30,522.98,P004
2578,2023-04-08,544.56,P003
2579,2023-03-20,618.13,P003
2580,2023-05-25,138.56,P004
2581,2023-07-23,927.1,P001
2582,2023-02-17,899.76,P001
2583,2022-02-04,133.07,P004
2584,2023-06-04,254.38,P002
2585,2022-07-17,421.2,P001
2586,2023-01-07,330.19,P004
2587,2022-05-18,226.97,P002
2588,2023-01-27,655.15,P002
2589,2023-10-01,690.58,P005
2590,2022-08-27,918.81,P005
2591,2022-04-21,126.17,P001
2592,2022-03-30,267.28,P003
2593,2022-04-09,122.82,P004
2594,2023-01-23,690.34,P005
2595,2022-08-28,937.84,P005
2596,2023-11-20,325.39,P004
2597,2023-01-31,586.25,P003
2598,2023-06-12,912.81,P002
2599,2023-05-12,211.21,P004
2600,2023-02-26,685.66,P005
2601,2022-07-14,144.91,P002
2602,2022-08-23,560.44,P001
2603,2023-06-27,879.89,P001
2604,2023-05-01,918.68,P003
2605,2022-10-14,162.0,P003
2606,2022-10-10,627.82,P002
2607,2022-07-04,188.55,P002
2608,2023-04-30,396.22,P003
2609,2023-04-04,582.33,P001
2610,2022-08-11,597.56,P005
2611,2022-07-17,418.74,P001
2612,2023-02-09,995.9,P003
2613,2023-07-15,675.22,P003
2614,2023-06-06,737.95,P003
2615,2022-07-09,231.54,P004
2616,2023-09-03,189.18,P002
2617,2022-07-07,657.25,P003
2618,2023-05-28,101.69,P003
2619,2023-07-16,355.69,P004
2620,2022-05-10,271.3,P004
2621,2022-09-10,624.98,P002
2622,2023-02-25,537.59,P002
2623,2022-01-07,953.84,P005
2624,2023-03-12,713.53,P004
2625,2023-04-08,231.66,P003
2626,2022-09-16,653.4,P005
2627,2022-12-31,542.22,P002
2628,2023-02-24,676.13,P003
2629,2023-07-15,752.89,P003
2630,2022-03-15,355.9,P003
2631,2023-06-24,600.96,P003
2632,2022-01-15,616.35,P002
2633,2023-05-03,515.37,P001
2634,2022-09-19,823.73,P001
2635,2022-12-28,921.11,P002
2636,2023-09-24,426.5,P005
2637,2023-06-29,400.31,P003
2638,2022-06-04,922.26,P003
2639,2023-11-12,327.06,P002
2640,2023-02-28,827.05,P001
2641,2022-11-22,483.51,P003
2642,2023-11-23,241.49,P003
2643,2023-07-28,347.63,P002
2644,2022-11-17,626.61,P005
2645,2022-06-13,815.41,P005
2646,2023-05-17,438.98,P004
2647,2023-12-12,631.49,P003
2648,2022-12-21,643.62,P002
2649,2023-06-12,643.75,P002
2650,2022-11-25,851.56,P001
2651,2023-04-08,461.91,P002
2652,2022-05-17,546.1,P001
2653,2022-07-04,191.3,P001
2654,2022-11-23,467.07,P005
2655,2023-07-05,161.09,P003
2656,2022-05-03,318.94,P002
2657,2022-12-17,145.21,P001
2658,2022-01-16,692.8,P002
2659,2022-05-20,380.46,P001
2660,2022-02-25,762.98,P001
2661,2023-12-09,276.54,P003
2662,2023-10-24,777.26,P002
2663,2023-03-30,646.2,P003
2664,2022-10-22,867.32,P001
2665,2023-02-19,591.34,P004
2666,2023-07-20,864.97,P003
2667,2023-04-15,576.33,P003
2668,2023-12-28,183.5,P005
2669,2023-04-25,750.95,P001
2670,2023-02-25,111.6,P004
2671,2022-07-24,543.96,P001
2672,2023-06-25,260.54,P001
2673,2022-11-04,158.95,P002
2674,2023-05-01,433.48,P003
2675,2022-07-13,546.52,P005
2676,2023-02-03,175.99,P001
2677,2022-09-11,713.03,P005
2678,2023-02-02,529.97,P004
2679,2023-09-28,664.94,P002
2680,2023-11-05,896.63,P003
2681,2022-11-16,223.91,P004
2682,2022-09-01,818.19,P004
2683,2023-03-09,380.33,P003
2684,2023-04-15,785.93,P003
2685,2022-04-04,659.62,P002
2686,2022-04-30,324.13,P005
2687,2022-04-13,363.74,P004
2688,2023-04-09,525.02,P003
2689,2022-09-24,523.63,P004
2690,2023-05-22,494.4,P003
2691,2022-07-25,474.69,P003
2692,2022-08-08,621.06,P002
2693,2022-12-16,846.09,P005
2694,2023-08-16,405.18,P003
2695,2022-01-01,745.82,P001
2696,2023-04-15,968.98,P001
2697,2023-09-15,392.27,P005
2698,2023-01-25,849.52,P004
2699,2022-06-25,656.39,P003
2700,2023-09-08,444.95,P003
2701,2022-04-17,690.78,P003
2702,2023-05-27,129.01,P001
2703,2023-10-12,537.86,P003
2704,2023-06-20,754.28,P001
2705,2023-08-24,881.84,P001
2706,2023-09-25,555.67,P004
2707,2023-05-07,437.15,P001
2708,2023-07-28,507.68,P005
2709,2022-08-20,413.92,P001
2710,2022-05-25,488.25,P003
2711,2022-11-04,438.45,P003
2712,2022-01-26,269.99,P005
2713,2022-10-04,864.05,P003
2714,2022-11-04,479.18,P002
2715,2022-05-02,800.11,P001
2716,2023-07-21,387.18,P003
2717,2023-08-03,571.3,P004
2718,2023-05-24,883.45,P005
2719,2023-06-10,346.31,P001
2720,2022-08-01,695.27,P005
2721,2023-03-24,990.97,P004
2722,2023-12-27,884.09,P005
2723,2022-06-21,613.81,P003
2724,2023-04-26,319.77,P002
2725,2023-11-19,776.14,P001
2726,2022-04-25,946.09,P002
2727,2023-11-14,922.51,P001
2728,2022-04-29,912.12,P002
2729,2022-08-28,322.69,P004
2730,2023-10-02,894.75,P001
2731,2022-08-14,836.85,P002
2732,2022-08-13,927.28,P004
2733,2022-10-10,522.98,P002
2734,2023-03-04,233.09,P001
2735,2022-05-12,268.49,P004
2736,2023-01-26,447.58,P001
2737,2023-04-09,483.83,P003
2738,2023-03-09,171.72,P003
2739,2023-12-30,866.69,P005
2740,2022-01-18,294.37,P002
2741,2022-05-19,277.7,P001
2742,2022-10-19,426.27,P003
2743,2023-10-26,348.26,P001
2744,2022-06-19,790.63,P005
2745,2022-05-04,926.96,P005
2746,2022-08-15,695.95,P005
2747,2022-06-29,989.81,P004
2748,2022-08-17,512.7,P004
2749,2022-03-07,502.81,P002
2750,2023-05-26,289.15,P001
2751,2022-07-02,832.49,P005
2752,2022-03-20,142.74,P003
2753,2022-07-07,591.32,P005
2754,2023-11-12,326.02,P005
2755,2023-01-10,822.89,P004
2756,2023-12-19,798.08,P004
2757,2022-06-24,622.6,P005
2758,2022-01-23,666.48,P004
2759,2022-10-04,874.69,P002
2760,2023-03-15,974.16,P002
2761,2022-08-19,450.81,P004
2762,2022-10-31,394.4,P002
2763,2023-06-14,999.75,P003
2764,2022-09-17,859.4,P005
2765,2022-03-14,997.64,P001
2766,2022-03-19,429.3,P004
2767,2022-02-17,206.65,P005
2768,2022-09-27,753.2,P003
2769,2023-11-04,183.07,P003
2770,2022-02-02,690.73,P004
2771,2023-03-03,728.75,P005
2772,2022-04-14,590.22,P003
2773,2023-03-04,529.57,P002
2774,2023-08-19,834.78,P005
2775,2022-04-29,359.72,P005
2776,2022-03-16,986.99,P005
2777,2023-02-25,648.24,P003
2778,2023-12-02,882.66,P003
2779,2022-02-11,815.52,P001
2780,2023-03-01,380.47,P001
2781,2022-11-20,849.41,P002
2782,2023-06-04,999.57,P003
2783,2023-09-29,809.66,P001
2784,2023-04-28,287.81,P001
2785,2022-07-03,115.28,P005
2786,2022-05-31,375.34,P004
2787,2022-10-26,565.74,P004
2788,2023-10-20,847.99,P001
2789,2023-11-07,112.73,P001
2790,2023-09-25,947.5,P001
2791,2022-09-28,418.41,P004
2792,2023-09-19,833.95,P004
2793,2023-08-15,577.34,P003
2794,2023-06-25,900.79,P001
2795,2022-08-04,742.47,P005
2796,2022-03-23,407.33,P005
2797,2023-12-30,149.71,P005
2798,2022-03-24,903.9,P004
2799,2023-07-01,411.01,P005
2800,2022-01-02,215.22,P003
2801,2022-02-14,313.78,P001
2802,2023-02-04,706.01,P002
2803,2022-05-24,414.88,P002
2804,2023-09-06,741.83,P002
2805,2023-10-10,590.92,P001
2806,2023-06-13,909.54,P003
2807,2023-02-22,917.72,P004
2808,2022-09-05,342.08,P003
2809,2023-09-09,694.31,P005
2810,2022-12-26,409.21,P005
2811,2022-04-09,900.63,P002
2812,2022-08-20,984.44,P001
2813,2022-03-24,557.64,P001
2814,2022-03-13,555.22,P004
2815,2022-12-16,617.0,P001
2816,2023-07-11,381.01,P005
2817,2023-02-18,859.01,P003
2818,2023-05-09,346.82,P005
2819,2023-09-16,710.22,P002
2820,2022-10-20,821.09,P001
2821,2022-10-06,758.31,P002
2822,2023-11-17,178.25,P002
2823,2022-05-09,441.54,P003
2824,2023-02-18,854.26,P002
2825,2022-01-20,918.9,P005
2826,2022-02-04,294.75,P003
2827,2023-06-11,982.04,P005
2828,2022-02-05,779.84,P005
2829,2023-06-17,775.98,P002
2830,2022-07-19,704.59,P005
2831,2022-10-08,196.26,P004
2832,2022-03-28,593.41,P005
2833,2022-10-08,194.86,P001
2834,2023-11-20,730.79,P001
2835,2023-08-28,916.98,P004
2836,2022-01-19,265.12,P003
2837,2022-10-02,168.07,P005
2838,2022-05-02,799.73,P003
2839,2023-01-19,850.31,P005
2840,2023-02-14,756.24,P003
2841,2023-09-06,225.4,P001
2842,2023-01-23,209.71,P001
2843,2022-07-14,491.15,P001
2844,2023-10-29,865.74,P002
2845,2023-07-26,829.71,P004
2846,2023-06-07,960.85,P003
2847,2022-05-08,797.67,P002
2848,2023-06-21,620.85,P004
2849,2022-01-31,106.86,P004
2850,2022-08-20,279.14,P001
2851,2023-12-01,827.16,P004
2852,2022-08-03,886.59,P005
2853,2022-05-07,923.44,P003
2854,2023-01-05,923.71,P004
2855,2023-11-20,817.56,P003
2856,2023-01-23,846.64,P002
2857,2023-11-17,470.73,P002
2858,2022-07-24,326.81,P002
2859,2023-06-25,858.11,P002
2860,2022-05-30,519.13,P005
2861,2023-08-17,424.14,P003
2862,2022-12-22,216.29,P002
2863,2023-06-27,227.88,P002
2864,2022-09-18,420.8,P002
2865,2022-03-20,908.43,P004
2866,2023-04-10,846.79,P001
2867,2023-07-28,204.67,P002
2868,2022-12-19,530.04,P005
2869,2022-02-14,509.75,P001
2870,2022-12-04,597.21,P001
2871,2022-03-24,506.41,P005
2872,2022-10-13,357.37,P002
2873,2023-04-04,239.25,P001
2874,2023-03-17,145.26,P001
2875,2022-10-29,964.11,P004
2876,2023-05-13,616.9,P002
2877,2023-10-18,725.96,P003
2878,2022-10-03,249.53,P004
2879,2023-02-17,969.66,P002
2880,2023-06-09,190.03,P002
2881,2022-06-09,970.4,P002
2882,2023-07-02,823.49,P002
2883,2023-03-14,934.42,P004
2884,2022-05-16,256.02,P002
2885,2022-05-19,983.14,P004
2886,2023-12-22,510.08,P004
2887,2022-05-27,687.62,P005
2888,2023-11-20,432.71,P002
2889,2022-03-21,451.46,P002
2890,2023-04-12,714.25,P003
2891,2023-07-01,772.78,P004
2892,2023-07-21,669.04,P002
2893,2022-12-03,369.1,P002
2894,2022-09-07,263.65,P001
2895,2022-10-30,196.08,P003
2896,2023-05-06,572.84,P001
2897,2023-03-13,840.01,P001
2898,2022-01-19,861.12,P002
2899,2023-08-06,183.05,P004
2900,2023-12-31,399.4,P005
2901,2022-05-15,612.38,P001
2902,2023-06-30,902.38,P005
2903,2023-04-22,553.49,P003
2904,2022-12-17,960.83,P001
2905,2022-03-26,260.38,P004
2906,2023-08-31,121.26,P003
2907,2022-07-31,548.86,P005
2908,2022-04-01,662.03,P005
2909,2022-06-12,366.61,P004
2910,2022-09-26,870.41,P005
2911,2022-09-14,304.19,P001
2912,2023-11-09,385.22,P003
2913,2023-02-09,661.83,P003
2914,2022-08-15,171.24,P003
2915,2023-09-02,512.88,P003
2916,2023-07-18,745.45,P005
2917,2023-03-28,794.16,P002
2918,2022-06-20,320.7,P003
2919,2022-07-24,461.74,P005
2920,2023-04-03,316.09,P004
2921,2022-08-26,312.13,P005
2922,2022-03-25,717.28,P003
2923,2023-08-17,402.96,P005
2924,2022-05-27,527.9,P003
2925,2023-05-29,497.52,P004
2926,2023-11-20,841.49,P001
2927,2023-01-18,725.2,P004
2928,2023-06-08,704.78,P001
2929,2022-02-20,658.66,P002
2930,2022-01-07,728.95,P001
2931,2023-04-03,383.54,P002
2932,2023-02-22,396.71,P005
2933,2022-06-25,509.86,P002
2934,2023-07-16,615.18,P005
2935,2023-12-24,233.22,P002
2936,2022-02-15,629.29,P002
2937,2022-07-08,303.95,P001
2938,2023-09-02,137.92,P001
2939,2023-03-25,116.49,P001
2940,2022-02-28,174.33,P003
2941,2022-11-29,888.38,P005
2942,2022-10-16,269.04,P003
2943,2023-08-12,206.71,P002
2944,2022-05-31,982.73,P001
2945,2022-07-26,573.03,P003
2946,2022-04-22,118.45,P003
2947,2023-06-15,989.55,P001
2948,2023-10-20,990.52,P002
2949,2022-10-31,239.71,P004
2950,2023-03-03,308.91,P005
2951,2023-10-07,733.21,P005
2952,2022-05-05,377.99,P002
2953,2022-05-27,624.24,P002
2954,2023-09-05,999.07,P002
2955,2022-02-05,571.81,P003
2956,2023-12-30,187.29,P004
2957,2023-03-10,153.89,P005
2958,2023-10-27,966.91,P003
2959,2022-04-22,918.97,P001
2960,2022-06-23,852.25,P004
2961,2023-09-24,176.36,P001
2962,2023-04-15,932.76,P001
2963,2022-09-04,770.24,P004
2964,2022-02-20,610.05,P005
2965,2022-12-28,341.5,P004
2966,2022-03-02,956.99,P004
2967,2023-04-05,214.53,P002
2968,2022-12-20,691.0,P002
2969,2022-06-10,544.65,P005
2970,2022-11-14,704.48,P005
2971,2022-05-11,769.25,P001
2972,2022-11-19,273.6,P002
2973,2023-10-11,353.82,P001
2974,2023-12-02,684.3,P002
2975,2022-08-18,124.01,P001
2976,2023-11-18,251.04,P003
2977,2023-03-07,655.05,P002
2978,2022-04-09,145.0,P005
2979,2023-07-02,831.98,P003
2980,2023-06-17,118.64,P002
2981,2022-04-14,112.84,P003
2982,2022-01-05,556.0,P004
2983,2023-10-14,975.85,P004
2984,2023-02-21,177.12,P005
2985,2022-06-03,392.88,P004
2986,2022-05-18,537.2,P001
2987,2023-11-25,547.01,P003
2988,2023-10-29,502.84,P004
2989,2023-02-07,453.46,P004
2990,2022-06-26,258.59,P002
2991,2022-04-17,246.46,P001
2992,2023-10-01,401.1,P005
2993,2022-06-29,575.47,P001
2994,2023-06-14,564.09,P005
2995,2023-01-03,583.96,P003
2996,2022-04-08,484.49,P001
2997,2022-01-26,118.19,P001
2998,2022-12-31,110.24,P001
2999,2022-01-29,986.84,P001
3000,2022-06-01,141.53,P002
